File,Total Time (minutes),Coding,Debugging,Testing,FC Flow Complexity,OV Object Vocabulary,OC Object Conjuration,AI Arithmetic Intricacy,DT Data Transfer,CM Comments,CS Code Structure,ID Inline Data,
C:\Users\Jordan\Desktop\GPS\GPS_distance.java,425,221,124,79,5,204,73,89,27,0,22,3,
C:\Users\Jordan\Desktop\GPS\LocMetrics.html,2,2,0,0,0,0,0,0,0,0,2,0,
C:\Users\Jordan\Desktop\GPS\LocMetricsFunctions.html,2,2,0,0,0,0,0,0,0,0,2,0,

Entire Project Time,=SUM(B2:B4),=SUM(C2:C4),=SUM(D2:D4),=SUM(E2:E4),=SUM(F2:F4),=SUM(G2:G4),=SUM(H2:H4),=SUM(I2:I4),=SUM(J2:J4),=SUM(K2:K4),=SUM(L2:L4),=SUM(M2:M4),
